{
  "overall_accuracy": 58.6,
  "classification_report": {
    "Normal": {
      "precision": 1.0,
      "recall": 0.576271186440678,
      "f1-score": 0.7311827956989247,
      "support": 59.0
    },
    "Mild": {
      "precision": 0.15625,
      "recall": 0.4166666666666667,
      "f1-score": 0.22727272727272727,
      "support": 12.0
    },
    "Moderate": {
      "precision": 0.5714285714285714,
      "recall": 0.8571428571428571,
      "f1-score": 0.6857142857142857,
      "support": 14.0
    },
    "Severe": {
      "precision": 0.0,
      "recall": 0.0,
      "f1-score": 0.0,
      "support": 2.0
    },
    "accuracy": 0.5862068965517241,
    "macro avg": {
      "precision": 0.43191964285714285,
      "recall": 0.4625201775625505,
      "f1-score": 0.41104245217148444,
      "support": 87.0
    },
    "weighted avg": {
      "precision": 0.7916666666666666,
      "recall": 0.5862068965517241,
      "f1-score": 0.6375523870518309,
      "support": 87.0
    }
  },
  "confusion_matrix": [
    [
      34,
      25,
      0,
      0
    ],
    [
      0,
      5,
      7,
      0
    ],
    [
      0,
      2,
      12,
      0
    ],
    [
      0,
      0,
      2,
      0
    ]
  ],
  "label_order": [
    "Normal",
    "Mild",
    "Moderate",
    "Severe"
  ]
}